08.05.2021;1;;;666@gmail.com;666666666;2021-05-14;2021-05-20
08.05.2021;1;;;666@gmail.com;66666666;2021-05-09;2021-05-15
08.05.2021;1;;;666@gmail.com;66666666;2021-05-09;2021-05-15
08.05.2021;1;;;666@gmail.com;666666666;;
08.05.2021;1;;;666@gmail.com;;;
08.05.2021;1;;;666@gmail.com;666666666;;
08.05.2021;1;;;666@gmail.com;666666666;;
08.05.2021;1;;;666@gmail.com;6475636537484;;
19.05.2021;1;;;joanna.boszko@gmail.com;6475636537484;;
19.05.2021;1;;;joanna.boszko@gmail.com;6475636537484;;
19.05.2021;1;;;joanna.boszko@gmail.com;6475636537484;;
19.05.2021;1;;;joanna.boszko@gmail.com;6475636537484;;
19.05.2021;1;;;joanna.boszko@gmail.com;6475636537484;;
19.05.2021;1;"ddd ddd";Kowalki;joanna.boszko@gmail.com;6475636537484;;
19.05.2021;1;"ddd ddd";Kowalki;joanna.boszko@gmail.com;6475636537484;;
19.05.2021;1;"ddd ddd";Kowalki;joanna.boszko@gmail.com;6475636537484;;
19.05.2021;1;"ddd ddd";Kowalki;joanna.boszko@gmail.com;6475636537484;;
19.05.2021;1;"ddd ddd";Kowalki;joanna.boszko@gmail.com;6475636537484;;
19.05.2021;1;"ddd ddd";Kowalki;joanna.boszko@gmail.com;6475636537484;;
19.05.2021;1;"ddd ddd";Kowalki;joanna.boszko@gmail.com;6475636537484;;
19.05.2021;1;"ddd ddd";Kowalki;joanna.boszko@gmail.com;6475636537484;;
19.05.2021;1;"ddd ddd";Kowalki;joanna.boszko@gmail.com;6475636537484;;
19.05.2021;2;"ddd ddd";Kowalki;joanna.boszko@gmail.com;6475636537484;;
